{
	"class_name" : "PinholeCameraParameters",
	"extrinsic" : 
	[
		0.90218799249008175,
		0.069402763673075296,
		-0.42572192737256859,
		0.0,
		0.025126674698347916,
		0.97683889849942285,
		0.21251094565814146,
		0.0,
		0.43061058559366566,
		-0.20240806004942996,
		0.87954530214746074,
		0.0,
		-3.0723486975193985,
		-1.8706931297438523,
		59.267248374036143,
		1.0
	],
	"intrinsic" : 
	{
		"height" : 1080,
		"intrinsic_matrix" : 
		[
			935.30743608719376,
			0.0,
			0.0,
			0.0,
			935.30743608719376,
			0.0,
			959.5,
			539.5,
			1.0
		],
		"width" : 1920
	},
	"version_major" : 1,
	"version_minor" : 0
}