{
	"class_name" : "PinholeCameraParameters",
	"extrinsic" : 
	[
		0.89220280944123032,
		0.15078125672430667,
		-0.42572192737256859,
		0.0,
		-0.063389511645394511,
		0.97510043984650163,
		0.21251094565814146,
		0.0,
		0.44716430608729746,
		-0.16261655768032321,
		0.87954530214746074,
		0.0,
		-2.8903388847013813,
		-2.1420142893183125,
		4.4409703093964197,
		1.0
	],
	"intrinsic" : 
	{
		"height" : 1080,
		"intrinsic_matrix" : 
		[
			935.30743608719376,
			0.0,
			0.0,
			0.0,
			935.30743608719376,
			0.0,
			959.5,
			539.5,
			1.0
		],
		"width" : 1920
	},
	"version_major" : 1,
	"version_minor" : 0
}